,title,gpt4o
0,Francis In The Navy,"When mild-mannered librarian Francis Phillips accidentally enlists in the navy due to a clerical error, his life is turned upside down. Amidst bumbling antics and unexpected heroics, Francis navigates the rough seas, befriends a motley crew, and uncovers an international smuggling ring. Along the way, he finds courage, camaraderie, and perhaps even love. ""Francis In The Navy"" is a heartwarming and hilarious tale of an unlikely hero who proves that sometimes the least likely people can make the biggest waves."
1,The Convent,"In the remote hills of northern Italy lies a forgotten convent, shrouded in mystery and silence. 'The Convent' follows Sister Isabella as she uncovers ancient secrets sealed within its stone walls. When strange occurrences plague the nuns, she must confront the sinister force lurking in the shadows. Blending Gothic horror with a tale of redemption, this thriller explores the delicate balance between faith and the supernatural. Florence 1912 Italy"
2,Ma And Pa Kettle On Vacation,"When small-town farmers Ma and Pa Kettle win a local radio contest, they are whisked away on an all-expenses-paid vacation to a luxurious tropical resort. Chaos ensues as the lovable but bumbling couple navigates exotic customs, modern technology, and high-society manners. Along the way, Ma and Pa's down-to-earth wisdom and rustic charm win over skeptical locals and tourists alike, proving that family and heart know no borders."
3,Daylight Fades,"As the sun sets for the final time, casting an eternal twilight on the world, an unlikely trio—a grieving scientist, a guilt-ridden soldier, and a prophetic child—must race against time to prevent a cataclysmic event that could freeze humanity in a perpetual dusk. Secrets of the past unravel as they journey through a landscape where hope flickers like the fading daylight, challenging them to find light in the encroaching darkness before it swallows them whole."
4,Temptation Island,"In ""Temptation Island,"" a group of strangers is invited to a luxurious, remote island under the guise of a reality show. As they bask in the paradise setting, they're confronted with their deepest desires and most dangerous temptations. Unbeknownst to them, the island itself holds a dark secret: it lays bare their hidden flaws, creating scenarios that test their morality and relationships. As seduction and deceit take root, the contestants must navigate their own primal instincts to discover if they can resist the island's allure or succumb to its spellbinding charm."
5,The Suckling,"In a secluded mountain village, an ancient legend comes to life when a series of mysterious disappearances coincides with the arrival of an abandoned infant. Named ""The Suckling"" by locals, the baby harbors a sinister secret - it feeds on the life force of anyone who shows it compassion. As the villagers unravel the chilling truth, they must confront their darkest fears to save themselves from a malevolent force that disguises itself as innocence."
6,English: An Autumn In London,"In ""English: An Autumn In London,"" struggling American writer Emma travels to London for inspiration. Amid the city's timeless charm and changing leaves, she unexpectedly reunites with her college flame, James, now a successful architect. As they explore iconic landmarks and cozy bookshops, old feelings resurface, and Emma must choose between rekindling a past love or forging her own path. The autumnal backdrop brings warmth and introspection, making this a poignant tale of love, self-discovery, and the magic of second chances."
7,Just Another Romantic Wrestling Comedy,"When shy librarian Clara Cross accidentally bumps into high-spirited pro wrestler Max ""The Beast"" Benson, her mundane life is turned upside down. Max needs a fake girlfriend to soften his image for a sponsorship deal, and Clara seeks excitement beyond her books. Together, they navigate hilarious misunderstandings, outrageous wrestling events, and unexpectedly, a blossoming romance. As Max teaches Clara to be bold and Clara shows Max the gentler side of love, they discover that in the ring of life, love can sometimes be the wildest move of all."
8,Young People,"In the small town of Hillcrest, four high school friends grapple with the transition from adolescence to adulthood. ""Young People"" follows Mia, Jake, Emily, and Tom as they navigate love, dreams, and the pressure to conform. With graduation approaching, each must decide whether to follow the paths laid out for them or to forge their own identities. As secrets unravel and friendships are tested, they learn that growing up means letting go but also holding on to what truly matters."
9,Sound Off,"""Sound Off"" follows the journey of Nina, a gifted musician who suddenly loses her hearing in a tragic accident. Struggling with her new reality, she discovers a secret underground community of deaf musicians who perform through vibrations and visual cues. As she immerses herself in this vibrant world, Nina learns that true harmony comes from within, bridging the gap between silence and sound."
10,Thar She Blows!,"In the heart of a sleepy coastal village, adventure-seeking marine biologist Dr. Jane Carter discovers a long-forgotten legend of a colossal sea creature. As unexplained whirlpools and mysterious disappearances plague the town, Jane teams up with eccentric fisherman Captain Finn to unravel the mystery. Facing natural disasters and ancient myths, they must confront their deepest fears in a thrilling race against time to save the shores. Will they uncover the truth, or will the past wash everything away?"
11,The Roommates,"In ""The Roommates,"" four strangers—an aspiring chef, a struggling artist, a tech-savvy introvert, and a free-spirited musician—find themselves sharing a loft in a bustling city. Together, they navigate chaotic schedules, clashing personalities, and unexpected friendships. As they chase their dreams while grappling with life's curveballs, they discover that family isn't always about blood—sometimes, it's about the people who are there when you need them most. Through laughter, tears, and countless misadventures, ""The Roommates"" is a heartwarming tale of finding a home where you least expect it."
12,Bowery Battalion,"In 1943, the Bowery Boys, a group of misfit New York street kids, are drafted into a secretive battalion tasked with defending the home front. They stumble upon a Nazi spy ring plotting to sabotage the city's vital infrastructure. With street smarts and cunning, they race against time to expose the enemy, facing danger, forging bonds, and proving that even the unlikeliest heroes can make a monumental difference in the fight for freedom."
13,The Man In Black,"In the quiet town of Willow Creek, whispers of a shadowy figure known only as ""The Man In Black"" have haunted generations. When young journalist Emma Parker stumbles upon an old, tattered diary detailing his mysterious appearances, she embarks on a journey to uncover the truth. As she delves deeper, Emma discovers that the lines between legend and reality blur, and that the town's safety hinges on revealing the Man in Black's dark, hidden past. Will she unveil the secrets, or become part of the legend herself?"
14,Grandmother's House,"When 12-year-old Lily spends the summer at her grandmother's secluded old house, she discovers a series of mysterious journals hidden in the attic. As she delves into her grandmother's past, Lily unravels a tale of forbidden love, ancient family secrets, and a hidden treasure that could change their lives forever. With the help of her quirky new friends, she embarks on a quest that connects past and present in unexpected and magical ways."
15,Winter Journey,"In ""Winter Journey,"" an estranged father and his teenage daughter embark on a soul-searching trip across a frozen, remote landscape. Navigating treacherous terrain and long-buried emotions, they are forced to confront their past grievances and rediscover the bond they thought they'd lost. Along the way, they encounter eccentric locals and breathtaking wonders that challenge their perceptions of life, love, and what it means to be family. This heartwarming tale is a testament to the resilience of the human spirit and the healing power of nature."
16,Adventures Of Johnny Tao,"In ""Adventures of Johnny Tao,"" a young martial artist named Johnny discovers an ancient, magical scroll that transports him to a mystical realm. There, he must team up with a quirky band of mythical creatures to thwart an evil sorcerer's plan to conquer both worlds. With each adventure, Johnny learns valuable lessons in bravery, friendship, and self-discovery, ultimately realizing that true power comes from within."
17,The Children Of Sanchez,"In a small Mexican village, the once-peaceful life of the Sanchez family is upended when a mysterious diary is discovered beneath their ancestral home. Unraveling secrets spanning generations, the Sanchez children—an artist, a revolutionary, and a dreamer—must confront their intertwined destinies. As ancient prophecies and familial bonds clash, they embark on a perilous journey to uncover their true legacy, ultimately learning that the power of unity and love can reshape their future."
18,The Escort,"In ""The Escort,"" a high-powered corporate lawyer, Valerie, stumbles into a secret world of high-stakes corporate espionage when she hires an enigmatic escort, Lucas, for a gala. What begins as a facade to shield her loneliness quickly spirals into a web of deceit and danger, as Lucas reveals he's not just a companion for hire, but a covert agent with a mission that threatens to expose powerful figures. Forced into an alliance, Valerie and Lucas must navigate a treacherous landscape of betrayal and subterfuge to uncover the truth and save themselves."
19,The Other Side,"When renowned archeologist Dr. Clara Thompson stumbles upon an ancient mirror in a hidden Egyptian tomb, she unwittingly opens a portal to a parallel universe. Trapped on ""The Other Side,"" Clara encounters versions of herself and her friends living vastly different lives. As she navigates this twisted reality, she must solve cryptic clues to find her way back, all while confronting dark secrets that could alter her own world forever. Time is running out, and the boundary between both worlds is fraying."
20,Another Chance,"After a tragic accident claims the life of his wife, renowned surgeon Dr. Michael Grant loses his passion for medicine. Spiraling into despair, he contemplates abandoning his career. But when he's miraculously given the ability to relive his past, Michael embarks on a journey to correct his mistakes, rekindle his love, and rediscover the purpose that once fueled his life. ""Another Chance"" is an emotionally charged tale of redemption, love, and the power of second chances."
21,The Sea Gypsies,"In ""The Sea Gypsies,"" a band of free-spirited sailors, led by the enigmatic Captain Leona, roam the vast oceans in search of lost treasures and forgotten myths. When they discover an ancient map hinting at a fabled underwater city, they embark on a perilous journey that tests their bonds, wits, and will to survive. Facing mythical sea creatures, rival pirates, and treacherous waters, the Sea Gypsies must decipher the secrets of the deep before time runs out—and the ocean claims them all."
22,Gone With The West,"In the post-apocalyptic remnants of the American West, a lone wanderer named Elijah discovers an ancient map hinting at a secluded paradise untouched by the collapse. As he embarks on a perilous journey, he encounters a motley crew of survivors who must navigate treacherous landscapes, ruthless bandits, and hidden secrets. Together, they confront their pasts and forge an uneasy alliance, driven by the hope of finding a new beginning in a world that seems to have forgotten them. ""Gone With The West"" explores redemption, trust, and the enduring human spirit in the face of desolation."
23,Light Blast,"In the small, isolated town of Kelvinspring, an enigmatic scientist accidentally unleashes a catastrophic energy pulse known as the ""Light Blast."" The event triggers inexplicable phenomena, with townsfolk developing supernatural abilities and facing unimaginable threats. As reality distorts and chaos ensues, a band of unlikely heroes, led by the scientist's estranged daughter, must decode the mystery of the Light Blast and harness its power to prevent a devastating, world-altering chain reaction. Time is running out, and their only hope lies in confronting both personal demons and luminous adversaries."
24,My Family And Other Animals,"In the whimsical town of Faunaville, young Katie discovers her family members share a magical secret: they can transform into animals! As Katie learns to navigate school, friendships, and her own evolving powers, she becomes the key to uniting both human and animal communities. Through hilarious mishaps and heartfelt moments, ""My Family And Other Animals"" celebrates the beauty of accepting who you truly are and the strength found in family bonds, no matter the shape or size."
25,Love Laughs At Andy Hardy,"""Love Laughs At Andy Hardy"" follows the misadventures of the always-charming Andy Hardy as he tries to navigate the minefield of high school crushes. When a new girl, Lily, arrives in town, Andy is convinced he’s found the one. But his charming antics take an unexpected turn when Lily’s best friend, a quirky aspiring comedian named Ellie, starts showing him that love isn’t always about grand gestures and cliché romeo lines. Through laughter, mishaps, and heartfelt moments, Andy discovers the true essence of affection lies in genuine connection and unexpected joy."
26,Everything But The Truth,"In the quaint town of Serendipity, seasoned journalist Emma Thompson uncovers a web of lies stretching back decades. Disguised as a curious visitor, she discovers that every otherwise innocuous resident harbors a secret tied to a historic event. As Emma digs deeper, she must navigate a labyrinth of deception, betrayals, and forbidden romances to reveal the truth — a truth that might just shatter the town's picturesque facade forever."
27,Operation Snatch,"In the high-stakes world of international espionage, ""Operation Snatch"" follows a team of elite operatives tasked with recovering a stolen, top-secret device capable of mass destruction. As they navigate a web of deceit and double-crosses, they must outsmart a cunning enemy and prevent global catastrophe. Along the way, loyalties are tested, secrets are unveiled, and the true cost of heroism is revealed. Will they succeed, or will the world face irreversible consequences? Time is running out in this thrilling action-adventure."
28,The Last Married Couple In America,"In a future where marriage is outlawed to promote individualism and combat overpopulation, Emily and Jack find themselves as the last married couple in America. Navigating a society that views their bond with skepticism and disdain, they embark on a journey to uncover the roots of true love and challenge the system. Their love becomes a revolutionary act, inspiring hidden believers and reawakening a nation's forgotten values. As forces conspire against them, Emily and Jack must defend their commitment in a final stand for the sanctity of marriage."
29,Charley's (big-hearted) Aunt,"In a quaint English village, Charley Fitzwilliam's life is turned upside down when Aunt Evelyn, a flamboyant and generous woman, arrives unexpectedly. With a knack for matchmaking and a heartfelt desire to spread joy, Aunt Evelyn's spirited antics lead to a series of comic misadventures that unite the villagers in unforeseen ways. As Charley navigates this whirlwind of affection and chaos, he discovers that sometimes, a little disruption is the key to finding true happiness."
30,Family Life,"When workaholic architect John Harper inherits his estranged grandfather’s rural farm, he reluctantly moves his city-bred family to the countryside for the summer. Amidst restoring the dilapidated property, they discover long-buried family secrets and rekindle their neglected bonds. Through the chaos of runaway animals, nosy neighbors, and old-fashioned hard work, the Harpers learn that family life, with all its trials and laughter, is the foundation of true happiness."
31,Out Of Singapore,"When internationally acclaimed chef Mei Ling is framed for a crime she didn't commit, she has no choice but to go on the run. Teaming up with a disillusioned detective and a tech-savvy street artist, Mei navigates through the vibrant underworld of Singapore. As she unravels a conspiracy that reaches the highest levels of government, Mei races to expose the truth while discovering her own hidden strength. 'Out Of Singapore' is a high-stakes thriller where culinary expertise meets cyber espionage, set against the backdrop of one of Asia's most enigmatic cities."
32,Woodpecker In The Rough,"In the quaint town of Pinewood Grove, a young ornithologist named Clara discovers a mysterious, rare woodpecker believed to bring good fortune to anyone who hears its drumming. However, as she embarks on a quest to protect it from unscrupulous poachers and skeptical townsfolk, Clara uncovers hidden secrets about her own family's past. ""Woodpecker In The Rough"" is a heartwarming tale of nature, courage, and self-discovery."
33,The Fox Of Glenarvon,"In the misty highlands of Glenarvon, a cunning and elusive fox named Fenrir forms an unlikely bond with a grieving widower, Aiden. As Aiden attempts to uncover the mystery behind his wife's death, he discovers that Fenrir holds the key to an ancient secret that could save his village from a dark, supernatural force. Their journey leads them through enchanted forests, hidden realms, and age-old legends, revealing a tale of redemption, magic, and the unbreakable bond between man and nature."
34,Beware Of Pickpockets,"In the bustling streets of post-war Paris, a young detective named Lucille discovers an underground network of nimble-fingered thieves known as ""The Marquises."" When her brother is framed for a series of high-profile heists, Lucille goes undercover to unravel the mystery. As she delves deeper, she learns that the pickpockets aren't merely stealing wallets but secrets that could topple governments. Suspense mounts as Lucille races against time, navigating a labyrinth of deceit, betrayal, and unexpected alliances to clear her brother's name and expose the true mastermind."
35,Life Love Death,"In a hauntingly beautiful town suspended between reality and dreams, ""Life Love Death"" chronicles the intertwined destinies of three strangers: Elara, a faded artist searching for meaning; Theo, a grieving widower seeking solace; and Maris, a playful spirit stuck in limbo. As their paths collide, they each unravel the intricate tapestry of existence, discovering that love can transcend even the finality of death. This thought-provoking journey explores the delicate balance between life's fleeting moments, the eternal nature of love, and the inevitable shadow of death."
36,Dancing In The Dark,"In the shadowy alleys of a neon-lit metropolis, a reclusive young woman named Lily discovers a clandestine dance club where the music is as secretive as its patrons. As she steps into the underground realm of forbidden rhythms and hidden truths, Lily forms a bond with a mysterious dancer who holds the key to her past. Amidst danger and desire, they must navigate the darkness together to find the light that will save them both. ""Dancing In The Dark"" is a tale of love, mystery, and the transformative power of dance."
37,The Balloon Goes Up,"In the quaint town of Willow Springs, every child waits eagerly for the annual Balloon Festival. This year, an unexpected storm sends the centerpiece, a giant hot air balloon, soaring uncontrollably into the sky with a ten-year-old stowaway named Max. As the town bands together for a daring rescue, Max discovers courage he never knew he had, and secrets about Willow Springs float back down to earth, changing the town forever."
38,Hunting Season,"When seasoned hunter Jack Norwood decides to retire, his plans are upended by the sudden reappearance of his estranged daughter, Lily. Together, they discover a mysterious force is turning hunters into the hunted in their sleepy mountain town. As they unravel a dark secret that ties their family to the forest, they must navigate treacherous terrain and hostile locals to survive. ""Hunting Season"" is a gripping thriller that explores the line between predator and prey, and the unbreakable bonds of family in the face of danger."
39,Part Time Wife,"Title: **Part Time Wife**

Synopsis: When career-driven architect Laura begrudgingly accepts a unique job offer to impersonate a man's estrained wife for business purposes, she dives into a world of deception and unexpected romance. Juggling real-life commitments, her pretend marriage, and blossoming feelings for her 'husband', Laura must decide what she truly wants in life. Secrets unravel and hearts collide in this heartwarming romantic comedy about love, identity, and second chances."
40,The Turners Of Prospect Road,"In the quaint town of Maplewood, the Turner family has stayed at their ancestral home on Prospect Road for generations. When an ancient family secret is accidentally unearthed by teenage Emma Turner, the seemingly peaceful life on Prospect Road is thrown into chaos. As supernatural forces awaken and strange occurrences start unsettling the town, Emma and her eccentric family must confront their past and harness hidden talents to safeguard their home and community. ""The Turners Of Prospect Road"" is a tale of mystery, magic, and family bonds tested by time."
41,Josephine And Men,"Josephine and Men tells the story of Josephine Dumont, a fiercely independent Parisian artist navigating a world dominated by men. As she juggles her rising career, a complicated love life, and the chauvinistic art scene of 1960s Paris, Josephine discovers inner strength through the eccentric and flawed men in her life. Through wit, romance, and sheer determination, she learns that true love and success come from embracing her own unique voice."
42,Reach The Rock,"In the small coastal town of Solace Springs, a rebellious teenage musician named Leo discovers an uncharted island known only as ""The Rock."" Intrigued by the mystery shrouding it and driven by a desire to escape his turbulent home life, Leo embarks on a daring expedition with his ragtag bandmates. Along the way, they uncover hidden truths about their town's history and forge unbreakable bonds, all while confronting their own fears and uncertainties. ""Reach The Rock"" is a coming-of-age adventure that explores the courage it takes to chase one's dreams and the power of friendship against all odds."
43,Black Heat,"In a dystopian future where the sun's radiation has become deadly, survival hinges on navigating a world of endless shadows. Former firefighter Lena Kane discovers a hidden resistance group harnessing ""Black Heat,"" a mysterious energy believed to counteract the sun's lethal rays. As she joins their perilous mission, Lena uncovers a government conspiracy and must confront her own inner demons to save humanity from both environmental and political collapse."
44,The Guinea Pig,"In the quaint town of Everwood, a young scientist named Lily stumbles upon a secret government experiment gone awry: a guinea pig with unprecedented intelligence. As Lily and her new furry friend, named Pip, unravel the mysteries behind the experiment, they uncover a conspiracy that could change the world. Bonded by their unexpected companionship, Lily and Pip must outwit shadowy agents and prevent a catastrophic plan, proving that even the smallest voices can make the biggest difference."
45,The Beast In The Cellar,"In the quaint, isolated town of Elmsbrook, a centuries-old secret lurks beneath the creaky floorboards of an abandoned mansion. When a group of teenagers stumble upon a hidden cellar, they unwittingly awaken a grotesque creature imprisoned for its insatiable thirst for human souls. As the beast emerges, the town's dark history unravels, and the youngsters must confront their deepest fears to seal the monster back in its underground lair before it devours them all."
46,Abby Sen,"In the bustling city of New Haven, Abby Sen, a talented but overlooked software developer, discovers a mysterious, ancient algorithm buried within the company's archives. As Abby deciphers its secrets, she realizes it holds the power to manipulate reality itself. Torn between ambition and morality, Abby must navigate a web of corporate espionage, ethical dilemmas, and personal revelations. Her journey will test the limits of technology and the human spirit, ultimately leading her to uncover truths about herself and the world that could alter the fabric of existence."
47,The Call Of The North,"In ""The Call of the North,"" explorer Emma Sterling receives an enigmatic letter from her late grandfather, hinting at a hidden treasure deep within the Arctic Circle. As she ventures into the frozen wilderness, Emma faces relentless elements, solves ancient riddles, and uncovers secrecies that challenge her understanding of family and legacy. Trusting an indigenous guide and her own resilience, she discovers that the real treasure lies not in gold but in the truths of heritage and the harmony between humanity and nature."
48,Daughter Of The Jungle,"In ""Daughter Of The Jungle,"" teenager Mia discovers she is the long-lost heir to a powerful lineage of jungle guardians. When a greedy corporation threatens to destroy her ancestral homeland, she must embrace her newfound powers and rally the jungle's mystical creatures for a battle to save their world. Combining stunning visuals with a heart-pounding adventure, Mia's journey is one of self-discovery, courage, and the unbreakable bond between humanity and nature."
49,Up With The Lark,"In the charming English countryside, retired opera singer Evelyn Hart discovers a hidden talent: capturing the world's rarest birds on canvas. As she paints at dawn, a bond forms with her nocturnal teenage neighbor, Lark, who harbors dreams of becoming a songwriter. Together, they embark on a journey of self-discovery and mutual inspiration, proving that art and music can break any barrier and heal old wounds. ""Up With The Lark"" is a heartwarming tale of unexpected friendships and the rediscovery of one's true passions."
50,The Moth Of Moonbi,"In the quaint village of Moonbi, an ancient legend speaks of a moth that appears once every century, bringing with it both wondrous beauty and ominous transformations. When young botanist Elara stumbles upon the mythical creature, she inadvertently awakens forgotten powers that start to reshape her reality. Battling skepticism and a race against time, Elara must uncover the secrets of the Moth of Moonbi before her village—and the world—descend into eternal twilight."
51,Chasing Rainbows,"In ""Chasing Rainbows,"" a disillusioned artist named Emily discovers an ancient journal leading her on a mystical journey across Europe. Alongside a quirky historian, she uncovers hidden clues and enchanting relics. As Emily chases the literal and metaphorical rainbows, she must confront her inner demons and redefine her life's purpose. Brimming with whimsy, adventure, and self-discovery, this tale shows that sometimes, the quest for magic leads to the most unexpected places—within oneself."
52,Born Again,"""Born Again"" follows the journey of Emma, a disillusioned cardiologist who, after a near-death experience, begins to question her life's purpose. Resigning from her high-pressure job, she embarks on a soul-searching adventure across the world. Along the way, she encounters a diverse group of strangers, each with their own stories of transformation, ultimately guiding her to rediscover her passion for healing in unexpected ways and leading her to embrace life with a renewed sense of hope and fulfillment."
53,Gone Are The Dayes,"In a small, forgotten town, Sarah Daye discovers an old journal belonging to her late grandmother, Eliza Daye. As she uncovers Eliza's secret past as a covert operative during World War II, Sarah learns of hidden treasures, unfulfilled promises, and a love story that transcends decades. Racing against time and shadowy figures who want the secrets buried, Sarah must bring justice to her family's legacy and find closure for a war that still haunts her town."
54,Queen Of The Jungle,"In ""Queen Of The Jungle,"" Dr. Maya Trent, a renowned botanist, crashes in the heart of an uncharted rainforest. Battling dangers, she encounters a hidden tribe that reveres the jungle's flora and fauna. Maya's scientific knowledge and the tribe's ancient wisdom unite to thwart ruthless loggers threatening to obliterate the rainforest. As she embraces her new role as protector, Maya must navigate cultural bonds, treacherous enemies, and her own heart, emerging as the rightful Queen of the Jungle."
55,Smiling Irish Eyes,"In ""Smiling Irish Eyes,"" Fiona O'Brien, a young Irish-American woman, discovers her late grandmother's letters that reveal a hidden love story set in Ireland. Determined to uncover the truth, Fiona travels to the Emerald Isle, where she meets local historian, Declan. Together, they unravel the mystery, unveiling tales of passion, heritage, and heartache. Along the journey, Fiona rediscovers her own roots and finds unexpected love, seeing her heritage through new, smiling eyes."
56,The Diamond,"In the heart of a war-torn city, a legendary diamond known as ""The Heart of Aetos"" re-emerges, believed to possess powers capable of uniting divided nations. When street-smart orphan Clara stumbles upon its whereabouts, she becomes the prime target for ruthless mercenaries and desperate leaders. With the help of a disillusioned ex-soldier, she must navigate a labyrinth of betrayal and intrigue to uncover the diamond's true power—and decide its rightful place in a world on the brink."
57,The Miniver Story,"In a quaint English village, the Miniver family harbors a generational secret connected to an ancient, mystical relic. When young Lucy Miniver discovers clues hidden in her late grandmother's letters, she embarks on a thrilling adventure to unravel the mystery. Joined by her quirky inventor uncle and a skeptical but charming historian, Lucy must unlock the relic's true power before a shadowy organization with sinister ambitions beats her to it. ""The Miniver Story"" is a heartwarming blend of history, magic, and family legacy."
58,The Art Of Self Defense,"In ""The Art of Self Defense,"" mild-mannered accountant, Tom, discovers a hidden talent for martial arts after a chance encounter with a mysterious sensei. As Tom’s confidence grows, he unravels a dark conspiracy within the dojo, revealing that the art he’s learning is more than just physical prowess—it's a path to uncovering internal strength and confronting his deepest fears. With newfound courage, Tom must fight not only external threats but also the shadows lurking in his past to reclaim his life."
59,Cool School,"In ""Cool School,"" a group of misfit students discover that their run-down school is actually a secret training ground for young spies. Led by their quirky new science teacher, Ms. Flex, they learn martial arts, hacking, and high-tech gadgetry while maintaining their cover as average kids. As they uncover a sinister plot to take over their town, the students must use their newfound skills to save their school and prove that even the coolest kids can be heroes."
60,,"In the small, forgotten village of Eldenbrook, ancient secrets lie buried just beneath the surface. When a linguistics professor, Dr. Lila Stein, discovers a journal containing cryptic references to a lost civilization called ""Nan"", she embarks on a perilous quest to uncover its mysteries. Her journey takes her through treacherous jungles and mystical ruins, bringing her face-to-face with ancient guardians and unlocking powers beyond imagination. As she deciphers the final puzzle, Lila realizes ""Nan"" holds the key to humanity’s future – and its salvation."
